Team ID,Scored Images Category,Total CCS Score
CCV-433,Junior,293.0
CCV-258,Junior,288.0
CCV-334,Junior,285.0
CCV-142,Junior,283.0
CCV-444,Junior,270.0
CCV-083,Junior,267.0
CCV-173,Junior,264.0
CCV-159,Junior,263.0
CCV-004,Junior,254.0
CCV-056,Junior,231.0
CCV-288,Junior,230.0
CCV-182,Junior,227.0
CCV-460,Junior,214.0
CCV-262,Junior,210.0
CCV-296,Junior,209.0
CCV-457,Junior,204.0
CCV-099,Junior,202.0
CCV-127,Junior,199.0
CCV-134,Junior,198.0
CCV-133,Junior,189.0
CCV-149,Junior,185.0
CCV-463,Junior,180.0
CCV-143,Junior,169.0
CCV-260,Junior,168.0
CCV-261,Junior,164.0
CCV-129,Junior,163.0
CCV-449,Junior,155.0
CCV-190,Junior,149.0
CCV-154,Junior,147.0
CCV-120,Junior,146.0
CCV-362,Junior,138.0
CCV-413,Junior,137.0
CCV-297,Junior,136.0
CCV-283,Junior,121.0
CCV-311,Junior,115.0
CCV-128,Junior,113.0
CCV-298,Junior,102.0
CCV-101,Junior,100.0
CCV-198,Junior,100.0
CCV-403,Junior,96.0
CCV-340,Junior,84.0
CCV-402,Junior,83.0
CCV-325,Junior,80.0
CCV-097,Junior,79.0
CCV-254,Junior,73.0
CCV-477,Junior,71.0
CCV-466,Junior,67.0
CCV-376,Junior,66.0
CCV-257,Junior,65.0
CCV-087,Junior,62.0
CCV-308,Junior,62.0
CCV-404,Junior,61.0
CCV-264,Junior,60.0
CCV-075,Junior,57.0
CCV-475,Junior,56.0
CCV-495,Junior,55.0
CCV-355,Junior,53.0
CCV-365,Junior,46.0
CCV-448,Junior,45.0
CCV-174,Junior,43.0
CCV-453,Junior,41.0
CCV-122,Junior,34.0
CCV-086,Junior,29.0
CCV-452,Junior,29.0
CCV-125,Junior,23.0
CCV-138,Junior,16.0
CCV-194,Junior,16.0
CCV-436,Junior,13.0
CCV-030,Junior,8.0
CCV-401,Junior,8.0
CCV-208,Junior,0.0
