Team ID,Scored Images Category,Total CCS Score
CCV-275,Senior,487.0
CCV-289,Senior,482.0
CCV-347,Senior,480.0
CCV-171,Senior,479.0
CCV-064,Senior,476.0
CCV-141,Senior,473.0
CCV-147,Senior,470.0
CCV-109,Senior,469.0
CCV-172,Senior,468.0
CCV-148,Senior,463.0
CCV-067,Senior,461.0
CCV-422,Senior,460.0
CCV-322,Senior,453.0
CCV-145,Senior,439.0
CCV-011,Senior,435.0
CCV-294,Senior,434.0
CCV-272,Senior,430.0
CCV-410,Senior,429.0
CCV-186,Senior,428.0
CCV-102,Senior,425.0
CCV-268,Senior,424.0
CCV-270,Senior,420.0
CCV-160,Senior,418.0
CCV-103,Senior,413.0
CCV-234,Senior,413.0
CCV-081,Senior,402.0
CCV-201,Senior,402.0
CCV-409,Senior,401.0
CCV-052,Senior,394.0
CCV-151,Senior,393.0
CCV-176,Senior,393.0
CCV-088,Senior,387.0
CCV-481,Senior,385.0
CCV-473,Senior,384.0
CCV-478,Senior,384.0
CCV-291,Senior,383.0
CCV-146,Senior,381.0
CCV-167,Senior,380.0
CCV-474,Senior,378.0
CCV-118,Senior,373.0
CCV-339,Senior,373.0
CCV-034,Senior,367.0
CCV-168,Senior,367.0
CCV-221,Senior,367.0
CCV-111,Senior,366.0
CCV-471,Senior,366.0
CCV-423,Senior,364.0
CCV-274,Senior,362.0
CCV-356,Senior,359.0
CCV-033,Senior,358.0
CCV-286,Senior,355.0
CCV-287,Senior,354.0
CCV-303,Senior,354.0
CCV-292,Senior,353.0
CCV-314,Senior,352.0
CCV-313,Senior,350.0
CCV-348,Senior,342.0
CCV-456,Senior,342.0
CCV-451,Senior,340.0
CCV-014,Senior,339.0
CCV-188,Senior,331.0
CCV-472,Senior,331.0
CCV-018,Senior,330.0
CCV-132,Senior,329.0
CCV-295,Senior,329.0
CCV-363,Senior,326.0
CCV-100,Senior,324.0
CCV-157,Senior,323.0
CCV-411,Senior,319.0
CCV-232,Senior,314.0
CCV-366,Senior,314.0
CCV-435,Senior,312.0
CCV-113,Senior,306.0
CCV-290,Senior,304.0
CCV-299,Senior,301.0
CCV-446,Senior,297.0
CCV-249,Senior,295.0
CCV-114,Senior,289.0
CCV-480,Senior,289.0
CCV-306,Senior,285.0
CCV-027,Senior,283.0
CCV-424,Senior,282.0
CCV-110,Senior,281.0
CCV-415,Senior,280.0
CCV-324,Senior,278.0
CCV-391,Senior,276.0
CCV-035,Senior,269.0
CCV-196,Senior,268.0
CCV-469,Senior,268.0
CCV-010,Senior,267.0
CCV-285,Senior,261.0
CCV-019,Senior,259.0
CCV-354,Senior,248.0
CCV-381,Senior,246.0
CCV-425,Senior,238.0
CCV-338,Senior,237.0
CCV-455,Senior,232.0
CCV-361,Senior,223.0
CCV-447,Senior,220.0
CCV-203,Senior,217.0
CCV-153,Senior,205.0
CCV-175,Senior,204.0
CCV-396,Senior,203.0
CCV-300,Senior,194.0
CCV-465,Senior,193.0
CCV-395,Senior,191.0
CCV-084,Senior,187.0
CCV-119,Senior,184.0
CCV-491,Senior,181.0
CCV-150,Senior,172.0
CCV-195,Senior,171.0
CCV-137,Senior,170.0
CCV-426,Senior,167.0
CCV-098,Senior,164.0
CCV-293,Senior,164.0
CCV-392,Senior,161.0
CCV-462,Senior,161.0
CCV-053,Senior,158.0
CCV-215,Senior,150.0
CCV-200,Senior,146.0
CCV-112,Senior,131.0
CCV-483,Senior,120.0
CCV-085,Senior,115.0
CCV-185,Senior,113.0
CCV-345,Senior,102.0
CCV-487,Senior,97.0
CCV-214,Senior,85.0
CCV-374,Senior,18.0
