Team ID,Scored Images Category,Total CCS Score
CCV-275,Senior,487.0
CCV-289,Senior,482.0
CCV-347,Senior,480.0
CCV-171,Senior,479.0
CCV-064,Senior,476.0
CCV-141,Senior,473.0
CCV-147,Senior,470.0
CCV-109,Senior,469.0
CCV-172,Senior,468.0
CCV-148,Senior,463.0
CCV-067,Senior,461.0
CCV-422,Senior,460.0
CCV-322,Senior,453.0
CCV-145,Senior,439.0
CCV-011,Senior,435.0
CCV-294,Senior,434.0
CCV-272,Senior,430.0
CCV-410,Senior,429.0
CCV-186,Senior,428.0
CCV-102,Senior,425.0
CCV-268,Senior,424.0
CCV-270,Senior,420.0
CCV-160,Senior,418.0
CCV-103,Senior,413.0
CCV-234,Senior,413.0
CCV-081,Senior,402.0
CCV-201,Senior,402.0
CCV-409,Senior,401.0
CCV-052,Senior,394.0
CCV-151,Senior,393.0
CCV-176,Senior,393.0
CCV-088,Senior,387.0
CCV-481,Senior,385.0
CCV-473,Senior,384.0
CCV-478,Senior,384.0
CCV-291,Senior,383.0
CCV-146,Senior,381.0
CCV-167,Senior,380.0
CCV-474,Senior,378.0
CCV-118,Senior,373.0
CCV-339,Senior,373.0
CCV-034,Senior,367.0
CCV-168,Senior,367.0
CCV-221,Senior,367.0
CCV-111,Senior,366.0
CCV-471,Senior,366.0
CCV-423,Senior,364.0
CCV-274,Senior,362.0
CCV-356,Senior,359.0
CCV-033,Senior,358.0
CCV-286,Senior,355.0
CCV-287,Senior,354.0
CCV-303,Senior,354.0
CCV-292,Senior,353.0
CCV-314,Senior,352.0
CCV-313,Senior,350.0
CCV-348,Senior,342.0
CCV-456,Senior,342.0
CCV-451,Senior,340.0
CCV-014,Senior,339.0
CCV-188,Senior,331.0
CCV-472,Senior,331.0
CCV-018,Senior,330.0
CCV-132,Senior,329.0
CCV-295,Senior,329.0
CCV-363,Senior,326.0
CCV-100,Senior,324.0
CCV-157,Senior,323.0
CCV-411,Senior,319.0
CCV-232,Senior,314.0
CCV-366,Senior,314.0
CCV-435,Senior,312.0
CCV-113,Senior,306.0
CCV-290,Senior,304.0
CCV-299,Senior,301.0
CCV-446,Senior,297.0
CCV-249,Senior,295.0
CCV-433,Junior,293.0
CCV-114,Senior,289.0
CCV-480,Senior,289.0
CCV-258,Junior,288.0
CCV-306,Senior,285.0
CCV-334,Junior,285.0
CCV-027,Senior,283.0
CCV-142,Junior,283.0
CCV-424,Senior,282.0
CCV-110,Senior,281.0
CCV-415,Senior,280.0
CCV-324,Senior,278.0
CCV-391,Senior,276.0
CCV-444,Junior,270.0
CCV-035,Senior,269.0
CCV-196,Senior,268.0
CCV-469,Senior,268.0
CCV-010,Senior,267.0
CCV-083,Junior,267.0
CCV-173,Junior,264.0
CCV-159,Junior,263.0
CCV-285,Senior,261.0
CCV-019,Senior,259.0
CCV-004,Junior,254.0
CCV-354,Senior,248.0
CCV-381,Senior,246.0
CCV-425,Senior,238.0
CCV-338,Senior,237.0
CCV-455,Senior,232.0
CCV-056,Junior,231.0
CCV-288,Junior,230.0
CCV-182,Junior,227.0
CCV-361,Senior,223.0
CCV-447,Senior,220.0
CCV-203,Senior,217.0
CCV-460,Junior,214.0
CCV-262,Junior,210.0
CCV-296,Junior,209.0
CCV-153,Senior,205.0
CCV-175,Senior,204.0
CCV-457,Junior,204.0
CCV-396,Senior,203.0
CCV-099,Junior,202.0
CCV-127,Junior,199.0
CCV-134,Junior,198.0
CCV-300,Senior,194.0
CCV-465,Senior,193.0
CCV-395,Senior,191.0
CCV-133,Junior,189.0
CCV-084,Senior,187.0
CCV-149,Junior,185.0
CCV-119,Senior,184.0
CCV-491,Senior,181.0
CCV-463,Junior,180.0
CCV-150,Senior,172.0
CCV-195,Senior,171.0
CCV-137,Senior,170.0
CCV-143,Junior,169.0
CCV-260,Junior,168.0
CCV-426,Senior,167.0
CCV-098,Senior,164.0
CCV-261,Junior,164.0
CCV-293,Senior,164.0
CCV-129,Junior,163.0
CCV-392,Senior,161.0
CCV-462,Senior,161.0
CCV-053,Senior,158.0
CCV-449,Junior,155.0
CCV-215,Senior,150.0
CCV-190,Junior,149.0
CCV-154,Junior,147.0
CCV-120,Junior,146.0
CCV-200,Senior,146.0
CCV-362,Junior,138.0
CCV-413,Junior,137.0
CCV-297,Junior,136.0
CCV-112,Senior,131.0
CCV-283,Junior,121.0
CCV-483,Senior,120.0
CCV-085,Senior,115.0
CCV-311,Junior,115.0
CCV-128,Junior,113.0
CCV-185,Senior,113.0
CCV-298,Junior,102.0
CCV-345,Senior,102.0
CCV-101,Junior,100.0
CCV-198,Junior,100.0
CCV-487,Senior,97.0
CCV-403,Junior,96.0
CCV-214,Senior,85.0
CCV-340,Junior,84.0
CCV-402,Junior,83.0
CCV-325,Junior,80.0
CCV-097,Junior,79.0
CCV-254,Junior,73.0
CCV-477,Junior,71.0
CCV-466,Junior,67.0
CCV-376,Junior,66.0
CCV-257,Junior,65.0
CCV-087,Junior,62.0
CCV-308,Junior,62.0
CCV-404,Junior,61.0
CCV-264,Junior,60.0
CCV-075,Junior,57.0
CCV-475,Junior,56.0
CCV-495,Junior,55.0
CCV-355,Junior,53.0
CCV-365,Junior,46.0
CCV-448,Junior,45.0
CCV-174,Junior,43.0
CCV-453,Junior,41.0
CCV-122,Junior,34.0
CCV-086,Junior,29.0
CCV-452,Junior,29.0
CCV-125,Junior,23.0
CCV-374,Senior,18.0
CCV-138,Junior,16.0
CCV-194,Junior,16.0
CCV-436,Junior,13.0
CCV-030,Junior,8.0
CCV-401,Junior,8.0
CCV-208,Junior,0.0
